call_sign,latitude,longitude,speed,heading,timestamp
BOAT001,29.977762,120.995757,11.02,70.0,2025-06-01 03:00:00
BOAT001,30.025859,121.010943,7.99,194.6,2025-06-01 03:16:00
BOAT001,30.044542,121.04899,15.74,47.8,2025-06-01 03:29:00
BOAT001,30.078652,121.081605,11.56,185.9,2025-06-01 03:42:00
BOAT001,30.066305,121.083064,6.56,14.8,2025-06-01 04:01:00
BOAT001,30.086899,121.103693,12.11,158.0,2025-06-01 04:13:00
BOAT001,30.105456,121.14432,7.21,9.1,2025-06-01 04:27:00
BOAT001,30.117882,121.139875,12.5,29.1,2025-06-01 04:45:00
BOAT001,30.103593,121.149658,13.61,247.9,2025-06-01 04:56:00
BOAT001,30.194332,121.188787,7.68,62.4,2025-06-01 05:11:00
BOAT001,30.211134,121.189673,13.03,159.2,2025-06-01 05:26:00
BOAT001,30.183808,121.206929,11.38,33.8,2025-06-01 05:46:00
BOAT001,30.225205,121.259241,12.6,237.7,2025-06-01 05:56:00
BOAT001,30.238399,121.247408,15.83,229.8,2025-06-01 06:15:00
BOAT001,30.25866,121.219624,9.4,265.6,2025-06-01 06:30:00
BOAT001,30.249415,121.299118,7.88,220.2,2025-06-01 06:45:00
BOAT001,30.299099,121.303778,7.47,89.2,2025-06-01 06:58:00
BOAT001,30.343123,121.325386,7.69,272.8,2025-06-01 07:13:00
BOAT001,30.401839,121.359708,9.91,123.1,2025-06-01 07:26:00
BOAT001,30.378015,121.366809,11.16,16.6,2025-06-01 07:44:00
BOAT001,30.392055,121.393909,10.97,112.1,2025-06-01 07:56:00
BOAT001,30.398782,121.368645,12.62,253.3,2025-06-01 08:16:00
BOAT001,30.416566,121.40971,10.18,6.2,2025-06-01 08:29:00
BOAT001,30.467001,121.476131,14.5,177.0,2025-06-01 08:42:00
BOAT001,30.473353,121.467161,9.34,62.4,2025-06-01 08:59:00
BOAT001,30.474302,121.453543,18.3,233.9,2025-06-01 09:16:00
BOAT001,30.486062,121.485043,12.01,221.7,2025-06-01 09:27:00
BOAT001,30.522739,121.506122,7.57,319.2,2025-06-01 09:45:00
BOAT001,30.534782,121.547501,6.93,134.9,2025-06-01 09:59:00
BOAT001,30.564825,121.556283,11.59,336.0,2025-06-01 10:12:00
BOAT001,30.579827,121.571232,9.47,194.2,2025-06-01 10:26:00
BOAT001,30.611683,121.603975,12.28,58.7,2025-06-01 10:45:00
BOAT001,30.598074,121.632932,11.56,9.5,2025-06-01 10:57:00
BOAT001,30.664697,121.637677,9.92,288.3,2025-06-01 11:13:00
BOAT001,30.717904,121.650843,7.6,139.7,2025-06-01 11:29:00
BOAT001,30.705691,121.673388,5.59,46.3,2025-06-01 11:44:00
BOAT001,30.705671,121.708095,8.8,196.4,2025-06-01 12:00:00
BOAT001,30.738414,121.720632,12.71,225.3,2025-06-01 12:15:00
BOAT001,30.720078,121.755606,10.78,346.0,2025-06-01 12:26:00
BOAT001,30.728074,121.736744,6.4,74.4,2025-06-01 12:42:00
BOAT001,30.794695,121.763714,10.66,25.0,2025-06-01 13:00:00
BOAT001,30.787938,121.814164,11.29,6.6,2025-06-01 13:16:00
BOAT001,30.791248,121.802145,7.49,222.6,2025-06-01 13:28:00
BOAT001,30.820051,121.865343,10.6,236.1,2025-06-01 13:41:00
BOAT001,30.834532,121.885247,10.31,304.2,2025-06-01 14:00:00
BOAT001,30.879312,121.90447,6.71,122.6,2025-06-01 14:12:00
BOAT001,30.907746,121.878491,11.21,101.5,2025-06-01 14:28:00
BOAT001,30.933339,121.917122,11.82,249.4,2025-06-01 14:44:00
BOAT001,30.952952,121.925196,13.39,226.4,2025-06-01 14:57:00
BOAT001,30.969645,121.973009,13.3,14.1,2025-06-01 15:15:00
BOAT001,30.969883,122.008158,6.0,289.3,2025-06-01 15:26:00
BOAT001,30.981037,122.010978,7.32,197.3,2025-06-01 15:41:00
BOAT001,30.982824,122.01317,11.68,270.2,2025-06-01 16:00:00
BOAT001,31.05446,122.025157,11.68,356.6,2025-06-01 16:13:00
BOAT001,31.048393,122.06493,11.68,133.9,2025-06-01 16:29:00
BOAT001,31.063221,122.046971,21.7,202.3,2025-06-01 16:46:00
BOAT001,31.114503,122.101636,11.85,154.4,2025-06-01 16:59:00
BOAT001,31.092425,122.092096,13.54,266.4,2025-06-01 17:15:00
BOAT001,31.146566,122.142281,13.0,37.1,2025-06-01 17:28:00
BOAT001,31.155282,122.146132,12.09,192.4,2025-06-01 17:41:00
BOAT001,31.148075,122.161066,9.19,297.5,2025-06-01 17:59:00
BOAT001,31.186796,122.170601,12.41,107.1,2025-06-01 18:16:00
BOAT001,31.227251,122.200657,7.82,140.1,2025-06-01 18:28:00
BOAT001,31.243185,122.238395,9.43,345.1,2025-06-01 18:44:00
BOAT001,31.276662,122.26763,8.68,32.9,2025-06-01 18:58:00
BOAT001,31.272997,122.276763,10.38,342.0,2025-06-01 19:14:00
BOAT001,31.35316,122.312992,17.08,206.4,2025-06-01 19:29:00
BOAT001,31.286787,122.355978,4.54,33.0,2025-06-01 19:45:00
BOAT001,31.316703,122.318186,12.2,118.3,2025-06-01 19:59:00
BOAT001,31.342939,122.340039,5.3,76.6,2025-06-01 20:13:00
BOAT001,31.335261,122.334836,8.72,285.0,2025-06-01 20:30:00
BOAT001,31.403967,122.406931,13.4,40.8,2025-06-01 20:41:00
BOAT001,31.420668,122.428585,10.33,178.0,2025-06-01 21:00:00
BOAT001,31.422458,122.404735,6.9,197.8,2025-06-01 21:16:00
BOAT001,31.43087,122.453911,7.99,265.3,2025-06-01 21:30:00
BOAT001,31.431138,122.48538,12.18,126.3,2025-06-01 21:45:00
BOAT001,31.464734,122.485045,7.95,348.7,2025-06-01 21:57:00
BOAT001,31.514874,122.516948,10.79,274.1,2025-06-01 22:11:00
BOAT002,29.448713,121.988735,17.21,1.0,2025-06-01 00:56:00
BOAT002,29.562537,122.042849,18.35,214.4,2025-06-01 01:07:00
BOAT002,29.54143,122.012063,20.57,148.3,2025-06-01 01:27:00
BOAT002,29.631029,121.968392,19.38,38.4,2025-06-01 01:42:00
BOAT002,29.655369,121.991246,16.89,299.0,2025-06-01 01:56:00
BOAT002,29.704116,121.970822,20.67,147.1,2025-06-01 02:10:00
BOAT002,29.728657,121.95705,15.36,263.1,2025-06-01 02:26:00
BOAT002,29.782122,121.960497,17.29,73.8,2025-06-01 02:37:00
BOAT002,29.808023,121.937589,15.66,23.9,2025-06-01 02:54:00
BOAT002,29.846019,121.933378,19.7,17.3,2025-06-01 03:12:00
BOAT002,29.878881,121.937102,21.54,50.3,2025-06-01 03:26:00
BOAT002,29.967025,121.953747,18.64,270.2,2025-06-01 03:37:00
BOAT002,29.983529,121.909786,18.19,58.9,2025-06-01 03:55:00
BOAT002,30.020063,121.887749,15.34,67.1,2025-06-01 04:11:00
BOAT002,30.038044,121.848304,15.86,239.5,2025-06-01 04:24:00
BOAT002,30.090541,121.920178,14.39,326.8,2025-06-01 04:38:00
BOAT002,30.115176,121.867751,11.44,315.8,2025-06-01 04:52:00
BOAT002,30.16478,121.875776,16.8,245.9,2025-06-01 05:07:00
BOAT002,30.190103,121.895261,17.07,323.9,2025-06-01 05:27:00
BOAT002,30.285751,121.853758,24.49,108.5,2025-06-01 05:41:00
BOAT002,30.278513,121.837376,22.66,83.6,2025-06-01 05:52:00
BOAT002,30.315832,121.861727,19.64,140.9,2025-06-01 06:07:00
BOAT002,30.346504,121.834612,24.22,195.7,2025-06-01 06:23:00
BOAT002,30.397274,121.829182,22.14,195.4,2025-06-01 06:39:00
BOAT002,30.442483,121.779061,11.95,338.3,2025-06-01 06:57:00
BOAT002,30.491074,121.825706,21.17,120.6,2025-06-01 07:09:00
BOAT002,30.51884,121.801163,20.1,285.8,2025-06-01 07:25:00
BOAT002,30.539416,121.758282,17.1,178.4,2025-06-01 07:41:00
BOAT002,30.58082,121.78748,13.72,321.8,2025-06-01 07:57:00
BOAT002,30.664387,121.728591,19.76,359.2,2025-06-01 08:10:00
BOAT002,30.68802,121.808744,11.73,112.2,2025-06-01 08:22:00
BOAT002,30.743137,121.731931,17.9,280.3,2025-06-01 08:41:00
BOAT002,30.785447,121.778268,16.12,12.1,2025-06-01 08:52:00
BOAT002,30.812545,121.721836,14.19,257.1,2025-06-01 09:12:00
BOAT002,30.824572,121.741363,21.54,315.6,2025-06-01 09:26:00
BOAT002,30.892681,121.70398,17.85,37.0,2025-06-01 09:37:00
BOAT002,30.956563,121.734228,18.49,39.8,2025-06-01 09:56:00
BOAT002,30.959305,121.701643,20.69,164.5,2025-06-01 10:10:00
BOAT002,31.014749,121.707768,17.94,143.0,2025-06-01 10:25:00
BOAT002,31.047343,121.690777,19.32,194.3,2025-06-01 10:41:00
BOAT002,31.114749,121.655226,20.42,82.5,2025-06-01 10:56:00
BOAT002,31.113428,121.684685,19.67,277.9,2025-06-01 11:10:00
BOAT002,31.189737,121.656602,18.83,230.8,2025-06-01 11:24:00
BOAT002,31.198849,121.679636,23.32,203.6,2025-06-01 11:39:00
BOAT002,31.232149,121.646076,21.69,90.6,2025-06-01 11:53:00
BOAT002,31.287911,121.641322,17.71,297.6,2025-06-01 12:11:00
BOAT002,31.332246,121.668579,15.24,327.0,2025-06-01 12:27:00
BOAT002,31.40331,121.674617,19.88,81.8,2025-06-01 12:42:00
BOAT002,31.411153,121.634768,18.62,341.0,2025-06-01 12:53:00
BOAT002,31.44831,121.605368,23.1,328.3,2025-06-01 13:10:00
BOAT002,31.51605,121.595681,20.93,36.3,2025-06-01 13:27:00
BOAT002,31.535831,121.578865,20.26,6.5,2025-06-01 13:37:00
BOAT002,31.550607,121.574797,18.01,213.5,2025-06-01 13:55:00
BOAT002,31.630294,121.573893,15.34,203.4,2025-06-01 14:10:00
BOAT002,31.628065,121.610714,17.38,284.4,2025-06-01 14:25:00
BOAT002,31.669555,121.559548,19.4,254.6,2025-06-01 14:41:00
BOAT002,31.705252,121.531034,12.78,277.6,2025-06-01 14:53:00
BOAT002,31.74318,121.548452,21.69,24.8,2025-06-01 15:08:00
BOAT002,31.808251,121.543245,24.17,265.1,2025-06-01 15:24:00
BOAT002,31.836112,121.532459,12.13,333.2,2025-06-01 15:37:00
BOAT002,31.811389,121.539803,13.77,40.8,2025-06-01 15:52:00
BOAT002,31.91527,121.517253,18.66,59.6,2025-06-01 16:11:00
BOAT002,31.949959,121.523311,16.22,44.9,2025-06-01 16:25:00
BOAT002,32.017857,121.484393,18.75,119.6,2025-06-01 16:37:00
BOAT003,30.946062,120.533929,18.73,43.3,2025-06-01 00:25:00
BOAT003,30.982785,120.544543,24.78,63.6,2025-06-01 00:38:00
BOAT003,30.963123,120.578711,16.7,13.2,2025-06-01 00:52:00
BOAT003,30.965537,120.610069,25.42,280.7,2025-06-01 01:07:00
BOAT003,30.972463,120.669273,18.03,288.3,2025-06-01 01:26:00
BOAT003,30.941886,120.70086,21.31,348.9,2025-06-01 01:41:00
BOAT003,30.897848,120.764002,25.18,186.6,2025-06-01 01:51:00
BOAT003,30.864966,120.784543,22.35,358.2,2025-06-01 02:09:00
BOAT003,30.922435,120.825587,24.44,93.7,2025-06-01 02:25:00
BOAT003,30.856023,120.855631,23.85,273.0,2025-06-01 02:38:00
BOAT003,30.838988,120.902087,25.85,358.7,2025-06-01 02:56:00
BOAT003,30.822098,120.949704,25.18,293.7,2025-06-01 03:08:00
BOAT003,30.810413,120.949668,20.63,224.3,2025-06-01 03:26:00
BOAT003,30.787435,120.99723,23.89,193.3,2025-06-01 03:40:00
BOAT003,30.76272,121.079381,17.41,322.2,2025-06-01 03:51:00
BOAT003,30.747127,121.108256,21.82,32.9,2025-06-01 04:10:00
BOAT003,30.74128,121.141482,24.45,140.8,2025-06-01 04:21:00
BOAT003,30.714938,121.185853,22.39,46.6,2025-06-01 04:38:00
BOAT003,30.695421,121.232758,23.33,16.0,2025-06-01 04:51:00
BOAT003,30.695677,121.255334,21.35,310.4,2025-06-01 05:07:00
BOAT003,30.67232,121.290886,25.38,118.5,2025-06-01 05:21:00
BOAT003,30.69137,121.350691,21.75,198.3,2025-06-01 05:36:00
BOAT003,30.592142,121.367529,20.59,101.3,2025-06-01 05:53:00
BOAT003,30.650862,121.435584,24.65,134.2,2025-06-01 06:09:00
BOAT003,30.637825,121.43369,17.78,260.4,2025-06-01 06:23:00
BOAT003,30.555306,121.528648,23.49,191.7,2025-06-01 06:37:00
BOAT003,30.573791,121.557839,18.86,79.3,2025-06-01 06:55:00
BOAT003,30.557087,121.59383,25.83,322.0,2025-06-01 07:10:00
BOAT003,30.520237,121.648686,21.21,306.4,2025-06-01 07:25:00
BOAT003,30.516702,121.702664,22.4,173.0,2025-06-01 07:40:00
BOAT003,30.493918,121.729965,23.23,326.3,2025-06-01 07:55:00
BOAT003,30.535045,121.713183,16.2,125.2,2025-06-01 08:08:00
BOAT003,30.502585,121.764731,20.04,195.8,2025-06-01 08:22:00
BOAT003,30.493173,121.818149,25.12,96.1,2025-06-01 08:40:00
BOAT003,30.466046,121.87149,24.59,187.7,2025-06-01 08:56:00
BOAT003,30.412903,121.921644,22.84,306.2,2025-06-01 09:09:00
BOAT003,30.408864,121.937098,17.94,57.7,2025-06-01 09:23:00
BOAT003,30.413013,121.995671,23.75,301.3,2025-06-01 09:40:00
BOAT003,30.362654,122.01715,24.13,334.8,2025-06-01 09:51:00
BOAT003,30.385228,122.06035,22.13,222.7,2025-06-01 10:09:00
BOAT003,30.350032,122.08477,25.66,68.1,2025-06-01 10:26:00
BOAT003,30.331213,122.134761,19.94,317.1,2025-06-01 10:40:00
BOAT003,30.3368,122.166515,20.46,167.6,2025-06-01 10:52:00
BOAT003,30.315337,122.214354,14.54,46.4,2025-06-01 11:07:00
BOAT003,30.283103,122.295266,24.75,82.3,2025-06-01 11:23:00
BOAT003,30.29738,122.295528,22.93,294.5,2025-06-01 11:37:00
BOAT003,30.236443,122.407486,16.95,272.4,2025-06-01 11:56:00
BOAT003,30.254254,122.405028,16.72,2.3,2025-06-01 12:09:00
BOAT003,30.237668,122.439181,19.37,222.1,2025-06-01 12:25:00
BOAT003,30.203486,122.458639,24.37,201.5,2025-06-01 12:36:00
BOAT003,30.200071,122.530135,21.09,228.2,2025-06-01 12:52:00
BOAT003,30.152397,122.544939,19.58,280.7,2025-06-01 13:10:00
BOAT003,30.179771,122.599214,18.97,102.0,2025-06-01 13:26:00
BOAT003,30.141463,122.688298,18.84,155.6,2025-06-01 13:37:00
BOAT003,30.118578,122.675498,16.19,123.1,2025-06-01 13:52:00
BOAT003,30.133883,122.740727,18.37,64.6,2025-06-01 14:09:00
BOAT003,30.082687,122.744001,18.78,36.9,2025-06-01 14:25:00
BOAT003,30.052476,122.797687,24.04,62.6,2025-06-01 14:39:00
BOAT003,30.033384,122.874126,21.49,24.4,2025-06-01 14:54:00
BOAT003,30.060507,122.866493,19.51,59.9,2025-06-01 15:08:00
BOAT003,30.006649,122.955604,28.92,24.2,2025-06-01 15:24:00
BOAT003,30.051225,122.973832,20.0,170.5,2025-06-01 15:37:00
BOAT003,29.958361,122.988751,25.49,223.5,2025-06-01 15:56:00
BOAT004,29.032422,121.51105,16.16,74.1,2025-06-01 00:28:00
BOAT004,29.034493,121.512239,20.46,12.3,2025-06-01 00:42:00
BOAT004,29.131524,121.514928,20.85,20.6,2025-06-01 00:58:00
BOAT004,29.237555,121.534824,17.73,337.2,2025-06-01 01:12:00
BOAT004,29.267128,121.558422,19.33,230.4,2025-06-01 01:27:00
BOAT004,29.341537,121.580537,12.1,162.8,2025-06-01 01:40:00
BOAT004,29.441375,121.591698,11.29,31.9,2025-06-01 01:57:00
BOAT004,29.508055,121.578868,19.67,182.6,2025-06-01 02:08:00
BOAT004,29.585226,121.578194,15.55,247.8,2025-06-01 02:28:00
BOAT004,29.619593,121.594762,18.18,355.2,2025-06-01 02:41:00
BOAT004,29.765567,121.612483,13.78,1.8,2025-06-01 02:55:00
BOAT004,29.761399,121.622606,20.9,116.3,2025-06-01 03:09:00
BOAT004,29.860228,121.648609,11.31,312.5,2025-06-01 03:27:00
BOAT004,29.925398,121.674968,11.78,176.0,2025-06-01 03:40:00
BOAT004,29.976267,121.638752,20.27,191.6,2025-06-01 03:56:00
BOAT004,30.064024,121.696179,8.1,110.9,2025-06-01 04:13:00
BOAT004,30.143323,121.68671,17.07,72.7,2025-06-01 04:24:00
BOAT004,30.201286,121.671453,15.61,67.8,2025-06-01 04:39:00
BOAT004,30.304459,121.713645,13.72,159.8,2025-06-01 04:57:00
BOAT004,30.35391,121.727591,15.33,346.8,2025-06-01 05:12:00
BOAT004,30.401746,121.694876,13.39,238.2,2025-06-01 05:24:00
BOAT004,30.471477,121.74893,20.56,134.7,2025-06-01 05:39:00
BOAT004,30.583552,121.745991,21.35,179.0,2025-06-01 05:58:00
BOAT004,30.613122,121.782065,13.88,299.1,2025-06-01 06:08:00
BOAT004,30.720614,121.736417,16.76,10.9,2025-06-01 06:23:00
BOAT004,30.794607,121.748034,11.96,248.2,2025-06-01 06:38:00
BOAT004,30.837236,121.724773,19.15,216.2,2025-06-01 06:53:00
BOAT004,30.946386,121.786934,19.07,141.8,2025-06-01 07:13:00
BOAT004,30.965644,121.793219,15.05,207.8,2025-06-01 07:27:00
BOAT004,31.077358,121.784658,15.98,236.8,2025-06-01 07:43:00
BOAT004,31.14204,121.804485,15.65,217.8,2025-06-01 07:54:00
BOAT004,31.211906,121.790102,11.08,311.9,2025-06-01 08:08:00
BOAT004,31.262156,121.8505,20.57,313.5,2025-06-01 08:23:00
BOAT004,31.338402,121.826941,13.63,32.6,2025-06-01 08:38:00
BOAT004,31.460947,121.90882,13.65,39.3,2025-06-01 08:53:00
BOAT004,31.524303,121.853631,15.48,145.5,2025-06-01 09:09:00
BOAT004,31.58627,121.852155,18.92,333.2,2025-06-01 09:28:00
BOAT004,31.661654,121.869305,14.16,290.8,2025-06-01 09:40:00
BOAT004,31.731206,121.859516,10.08,316.0,2025-06-01 09:54:00
BOAT004,31.779247,121.907605,13.27,312.8,2025-06-01 10:10:00
BOAT004,31.858095,121.899765,17.21,43.3,2025-06-01 10:23:00
BOAT004,31.899121,121.940992,22.5,233.7,2025-06-01 10:43:00
BOAT004,31.998206,121.923076,12.15,116.9,2025-06-01 10:57:00
BOAT004,32.095097,121.966464,12.04,219.5,2025-06-01 11:11:00
BOAT004,32.129643,121.964129,11.39,137.0,2025-06-01 11:27:00
BOAT004,32.234749,121.959756,11.02,161.5,2025-06-01 11:42:00
BOAT004,32.287546,122.000992,19.55,196.4,2025-06-01 11:53:00
BOAT004,32.329435,121.998638,20.42,81.8,2025-06-01 12:10:00
BOAT004,32.406425,122.04872,16.47,211.3,2025-06-01 12:24:00
BOAT004,32.518386,121.991811,14.53,231.3,2025-06-01 12:43:00
BOAT005,30.035823,121.011175,20.13,20.8,2025-06-01 00:44:00
BOAT005,30.004044,121.003979,15.41,154.9,2025-06-01 00:58:00
BOAT005,30.08617,121.07024,19.2,51.2,2025-06-01 01:13:00
BOAT005,30.081396,121.05629,17.08,281.8,2025-06-01 01:28:00
BOAT005,30.082921,121.124451,15.6,36.4,2025-06-01 01:48:00
BOAT005,30.129553,121.107898,14.52,222.5,2025-06-01 02:01:00
BOAT005,30.15812,121.15431,15.56,358.8,2025-06-01 02:16:00
BOAT005,30.203678,121.232374,19.31,83.8,2025-06-01 02:28:00
BOAT005,30.269163,121.256393,14.29,110.3,2025-06-01 02:46:00
BOAT005,30.260448,121.24175,17.48,236.1,2025-06-01 03:01:00
BOAT005,30.281915,121.285577,21.57,153.4,2025-06-01 03:18:00
BOAT005,30.354671,121.329637,20.47,319.2,2025-06-01 03:32:00
BOAT005,30.352911,121.346959,17.54,235.5,2025-06-01 03:48:00
BOAT005,30.366196,121.355642,24.2,132.4,2025-06-01 04:00:00
BOAT005,30.49881,121.447437,0.23,158.2,2025-06-01 04:13:00
BOAT005,30.501159,121.450295,0.17,43.7,2025-06-01 04:28:00
BOAT005,30.500421,121.449671,0.29,102.9,2025-06-01 04:43:00
BOAT005,30.500608,121.450532,0.35,330.8,2025-06-01 04:58:00
BOAT005,30.501675,121.448373,0.24,303.1,2025-06-01 05:13:00
BOAT005,30.526288,121.466255,12.25,6.9,2025-06-01 05:17:00
BOAT005,30.501777,121.451469,0.3,63.9,2025-06-01 05:28:00
BOAT005,30.516971,121.502715,23.56,273.7,2025-06-01 05:32:00
BOAT005,30.500653,121.450061,0.38,15.5,2025-06-01 05:43:00
BOAT005,30.499811,121.449828,0.32,294.4,2025-06-01 05:58:00
BOAT005,30.500061,121.447016,0.35,263.8,2025-06-01 06:13:00
BOAT005,30.504601,121.452151,0.25,107.1,2025-06-01 06:28:00
BOAT005,30.503623,121.451247,0.36,229.1,2025-06-01 06:43:00
BOAT005,30.498755,121.450956,0.24,3.4,2025-06-01 06:58:00
BOAT005,30.501657,121.448147,0.4,35.7,2025-06-01 07:13:00
BOAT005,30.502576,121.449154,0.16,199.8,2025-06-01 07:28:00
BOAT005,30.50144,121.452893,0.16,127.9,2025-06-01 07:43:00
BOAT005,30.500556,121.45291,0.1,274.0,2025-06-01 07:58:00
BOAT005,30.912103,121.858897,14.33,309.4,2025-06-01 08:46:00
BOAT005,30.907408,121.890074,17.58,282.6,2025-06-01 08:59:00
BOAT005,30.922816,121.944199,21.92,47.9,2025-06-01 09:17:00
BOAT005,30.975752,121.97449,16.73,237.1,2025-06-01 09:28:00
BOAT005,31.005308,122.017369,20.18,247.7,2025-06-01 09:43:00
BOAT005,30.995414,121.991857,21.98,27.5,2025-06-01 10:01:00
BOAT005,31.063057,122.08178,8.96,302.7,2025-06-01 10:13:00
BOAT005,31.10473,122.097221,18.8,91.1,2025-06-01 10:29:00
BOAT005,31.092852,122.104574,18.92,297.0,2025-06-01 10:47:00
BOAT005,31.1476,122.115094,17.89,139.1,2025-06-01 10:59:00
BOAT005,31.184512,122.191649,20.03,229.2,2025-06-01 11:18:00
BOAT005,31.206178,122.188443,21.1,24.0,2025-06-01 11:28:00
BOAT005,31.235842,122.221822,19.55,54.1,2025-06-01 11:47:00
BOAT005,31.245104,122.257672,18.01,184.4,2025-06-01 12:01:00
BOAT005,31.255228,122.259514,21.03,17.2,2025-06-01 12:17:00
BOAT005,31.296613,122.299912,19.27,268.6,2025-06-01 12:28:00
BOAT005,31.321612,122.35064,18.44,26.0,2025-06-01 12:43:00
BOAT005,31.359506,122.376393,15.19,4.4,2025-06-01 13:00:00
BOAT005,31.410754,122.404351,14.44,183.1,2025-06-01 13:17:00
BOAT005,31.39043,122.393563,15.13,166.3,2025-06-01 13:29:00
BOAT005,31.447329,122.439713,19.96,125.9,2025-06-01 13:46:00
BOAT005,31.450954,122.464294,18.89,238.1,2025-06-01 14:00:00
BOAT005,31.485199,122.508504,14.69,127.7,2025-06-01 14:16:00
BOAT006,29.49212,121.98401,19.42,295.3,2025-06-01 00:37:00
BOAT006,29.543847,121.992711,22.05,158.5,2025-06-01 00:53:00
BOAT006,29.575276,121.985806,19.33,348.4,2025-06-01 01:09:00
BOAT006,29.623024,121.959015,24.65,317.7,2025-06-01 01:21:00
BOAT006,29.708914,121.96117,27.6,266.3,2025-06-01 01:37:00
BOAT006,29.781923,121.942432,21.92,150.4,2025-06-01 01:49:00
BOAT006,29.801746,121.917514,25.54,240.5,2025-06-01 02:08:00
BOAT006,29.870652,121.926008,20.64,116.3,2025-06-01 02:23:00
BOAT006,29.931352,121.932926,21.8,317.5,2025-06-01 02:37:00
BOAT006,29.948882,121.887169,20.26,58.4,2025-06-01 02:51:00
BOAT006,30.020434,121.876761,16.3,247.3,2025-06-01 03:06:00
BOAT006,30.059586,121.864032,22.59,189.9,2025-06-01 03:21:00
BOAT006,30.157122,121.83627,23.09,296.3,2025-06-01 03:34:00
BOAT006,30.208333,121.854979,25.9,28.6,2025-06-01 03:50:00
BOAT006,30.20932,121.868448,25.09,350.4,2025-06-01 04:08:00
BOAT006,30.288968,121.847228,25.13,308.9,2025-06-01 04:22:00
BOAT006,30.354685,121.829948,19.78,330.6,2025-06-01 04:37:00
BOAT006,30.402383,121.825498,24.08,255.7,2025-06-01 04:54:00
BOAT006,30.439131,121.80272,27.45,355.7,2025-06-01 05:07:00
BOAT006,30.515714,121.763126,23.84,295.8,2025-06-01 05:20:00
BOAT006,30.523576,121.807341,28.19,113.1,2025-06-01 05:37:00
BOAT006,30.587688,121.802672,28.76,294.9,2025-06-01 05:50:00
BOAT006,30.62828,121.75627,21.9,120.7,2025-06-01 06:07:00
BOAT006,30.713567,121.7574,20.61,88.0,2025-06-01 06:20:00
BOAT006,30.738347,121.74526,20.42,297.4,2025-06-01 06:37:00
BOAT006,30.798658,121.746609,18.16,258.9,2025-06-01 06:54:00
BOAT006,30.86652,121.762965,21.15,51.1,2025-06-01 07:06:00
BOAT006,30.920215,121.741946,26.33,266.3,2025-06-01 07:19:00
BOAT006,30.940191,121.700795,16.09,269.6,2025-06-01 07:35:00
BOAT006,31.03155,121.708766,19.59,156.8,2025-06-01 07:49:00
BOAT006,31.071614,121.712587,22.32,265.7,2025-06-01 08:09:00
BOAT006,31.092949,121.68525,20.07,169.7,2025-06-01 08:22:00
BOAT006,31.140112,121.666573,21.12,228.3,2025-06-01 08:36:00
BOAT006,31.218434,121.66517,21.17,266.1,2025-06-01 08:52:00
BOAT006,31.287835,121.631768,21.93,117.0,2025-06-01 09:05:00
BOAT006,31.340431,121.624271,20.52,245.4,2025-06-01 09:22:00
BOAT006,31.382123,121.603719,20.27,308.1,2025-06-01 09:39:00
BOAT006,31.428057,121.620725,25.51,357.0,2025-06-01 09:52:00
BOAT006,31.489401,121.601539,25.85,249.9,2025-06-01 10:06:00
BOAT006,31.514143,121.577288,18.56,77.6,2025-06-01 10:19:00
BOAT006,31.617073,121.58005,14.42,11.9,2025-06-01 10:38:00
BOAT006,31.668895,121.582317,25.89,147.0,2025-06-01 10:53:00
BOAT006,31.696076,121.600794,19.02,337.8,2025-06-01 11:07:00
BOAT006,31.743529,121.572325,23.34,83.8,2025-06-01 11:22:00
BOAT006,31.783438,121.495984,18.01,283.8,2025-06-01 11:34:00
BOAT006,31.854325,121.536036,26.6,323.6,2025-06-01 11:53:00
BOAT006,31.882007,121.54942,30.33,326.6,2025-06-01 12:06:00
BOAT006,31.903444,121.483659,23.25,0.1,2025-06-01 12:21:00
BOAT006,31.945718,121.511031,22.42,40.0,2025-06-01 12:36:00
BOAT007,30.993557,120.502936,21.16,349.8,2025-06-01 01:18:00
BOAT007,31.005308,120.566491,20.19,333.5,2025-06-01 01:33:00
BOAT007,31.006815,120.58643,16.88,171.7,2025-06-01 01:45:00
BOAT007,30.956815,120.597369,20.34,11.0,2025-06-01 02:03:00
BOAT007,30.941829,120.619162,18.9,249.3,2025-06-01 02:16:00
BOAT007,30.932908,120.628197,20.02,227.7,2025-06-01 02:30:00
BOAT007,30.941046,120.691096,21.55,129.1,2025-06-01 02:48:00
BOAT007,30.885563,120.735503,17.03,120.0,2025-06-01 03:00:00
BOAT007,30.895178,120.754229,19.24,75.9,2025-06-01 03:16:00
BOAT007,30.896216,120.805594,14.91,285.6,2025-06-01 03:29:00
BOAT007,30.873036,120.844003,19.26,359.2,2025-06-01 03:46:00
BOAT007,30.853107,120.872215,20.04,298.2,2025-06-01 04:00:00
BOAT007,30.855637,120.897959,21.01,5.2,2025-06-01 04:19:00
BOAT007,30.767853,120.948579,21.04,123.0,2025-06-01 04:29:00
BOAT007,30.821777,120.988291,23.04,266.6,2025-06-01 04:48:00
BOAT007,30.781439,120.991891,15.71,2.0,2025-06-01 05:03:00
BOAT007,30.744209,121.076164,15.87,295.9,2025-06-01 05:18:00
BOAT007,30.777347,121.08022,21.91,275.8,2025-06-01 05:29:00
BOAT007,30.780898,121.116815,14.21,252.0,2025-06-01 05:47:00
BOAT007,30.736977,121.164849,20.87,260.3,2025-06-01 05:59:00
BOAT007,30.745085,121.189596,16.78,146.7,2025-06-01 06:19:00
BOAT007,30.744574,121.238241,25.04,8.8,2025-06-01 06:34:00
BOAT007,30.724928,121.259167,21.08,125.6,2025-06-01 06:46:00
BOAT007,30.717731,121.275422,19.67,227.6,2025-06-01 07:01:00
BOAT007,30.686075,121.329148,24.01,341.2,2025-06-01 07:18:00
BOAT007,30.659043,121.33329,17.13,2.2,2025-06-01 07:30:00
BOAT007,30.611796,121.392582,17.7,188.1,2025-06-01 07:46:00
BOAT007,30.625216,121.423993,16.54,27.7,2025-06-01 08:00:00
BOAT007,30.599573,121.454742,17.73,286.0,2025-06-01 08:15:00
BOAT007,30.646159,121.49058,20.51,18.1,2025-06-01 08:34:00
BOAT007,30.585523,121.48976,21.81,255.6,2025-06-01 08:45:00
BOAT007,30.577807,121.550669,23.21,310.8,2025-06-01 09:02:00
BOAT007,30.572674,121.597747,14.85,289.3,2025-06-01 09:16:00
BOAT007,30.548817,121.633334,19.81,54.8,2025-06-01 09:34:00
BOAT007,30.568148,121.64383,17.0,7.9,2025-06-01 09:46:00
BOAT007,30.508095,121.723944,19.71,303.2,2025-06-01 10:03:00
BOAT007,30.510741,121.715553,27.33,230.6,2025-06-01 10:14:00
BOAT007,30.478301,121.786512,21.2,12.1,2025-06-01 10:33:00
BOAT007,30.453052,121.809914,23.02,128.8,2025-06-01 10:46:00
BOAT007,30.453518,121.822692,26.21,273.5,2025-06-01 10:59:00
BOAT007,30.451314,121.905369,23.71,259.1,2025-06-01 11:14:00
BOAT007,30.42977,121.880237,18.98,163.4,2025-06-01 11:34:00
BOAT007,30.410809,121.956739,16.5,224.9,2025-06-01 11:47:00
BOAT007,30.382833,121.992614,20.23,229.4,2025-06-01 12:02:00
BOAT007,30.395598,121.993437,18.62,87.1,2025-06-01 12:15:00
BOAT007,30.353467,122.068945,15.75,84.5,2025-06-01 12:32:00
BOAT007,30.385064,122.070342,21.05,289.4,2025-06-01 12:48:00
BOAT007,30.357813,122.115363,21.12,202.8,2025-06-01 13:04:00
BOAT007,30.313315,122.149042,25.63,51.4,2025-06-01 13:17:00
BOAT007,30.322583,122.175396,19.24,144.5,2025-06-01 13:30:00
BOAT007,30.300025,122.228545,21.16,317.5,2025-06-01 13:49:00
BOAT007,30.307753,122.262445,18.33,259.8,2025-06-01 14:00:00
BOAT007,30.31448,122.245851,22.94,269.5,2025-06-01 14:14:00
BOAT007,30.236469,122.341155,19.95,0.0,2025-06-01 14:29:00
BOAT007,30.262574,122.316065,16.81,281.9,2025-06-01 14:45:00
BOAT007,30.243373,122.404213,20.28,99.4,2025-06-01 15:00:00
BOAT007,30.246304,122.440342,21.5,322.5,2025-06-01 15:19:00
BOAT007,30.223442,122.430235,21.09,168.1,2025-06-01 15:30:00
BOAT007,30.19044,122.478085,23.46,88.9,2025-06-01 15:49:00
BOAT007,30.1854,122.498434,15.98,29.8,2025-06-01 15:59:00
BOAT007,30.162162,122.550496,17.8,36.7,2025-06-01 16:17:00
BOAT007,30.185904,122.58288,22.24,46.8,2025-06-01 16:29:00
BOAT007,30.151111,122.638881,18.15,303.4,2025-06-01 16:44:00
BOAT007,30.17501,122.68374,21.05,205.9,2025-06-01 17:02:00
BOAT007,30.122074,122.719694,13.06,321.1,2025-06-01 17:15:00
BOAT007,30.095421,122.714784,28.47,152.1,2025-06-01 17:33:00
BOAT007,30.065616,122.75609,19.51,135.8,2025-06-01 17:49:00
BOAT007,30.046129,122.760852,23.91,243.1,2025-06-01 18:02:00
BOAT007,30.03681,122.81265,19.31,247.3,2025-06-01 18:14:00
BOAT007,30.060137,122.882311,21.57,203.3,2025-06-01 18:30:00
BOAT007,30.05127,122.929572,24.8,227.8,2025-06-01 18:47:00
BOAT007,29.995773,122.90682,23.82,50.1,2025-06-01 19:00:00
BOAT007,30.031599,122.953904,19.71,256.7,2025-06-01 19:18:00
BOAT007,29.990339,122.999472,19.92,65.8,2025-06-01 19:33:00
BOAT008,29.020071,121.479698,19.85,91.0,2025-06-01 00:24:00
BOAT008,29.04131,121.492257,16.63,65.4,2025-06-01 00:41:00
BOAT008,29.131412,121.491798,16.34,121.3,2025-06-01 00:59:00
BOAT008,29.171394,121.520743,16.19,146.1,2025-06-01 01:14:00
BOAT008,29.249352,121.543225,17.65,141.6,2025-06-01 01:29:00
BOAT008,29.285728,121.56212,19.46,53.9,2025-06-01 01:43:00
BOAT008,29.352676,121.549328,14.11,149.2,2025-06-01 01:56:00
BOAT008,29.416073,121.552925,17.11,255.4,2025-06-01 02:10:00
BOAT008,29.454533,121.570832,11.15,96.8,2025-06-01 02:26:00
BOAT008,29.548715,121.559568,20.02,210.2,2025-06-01 02:44:00
BOAT008,29.582956,121.626537,12.15,226.2,2025-06-01 02:56:00
BOAT008,29.64797,121.561067,13.76,95.5,2025-06-01 03:14:00
BOAT008,29.691977,121.60539,14.09,341.7,2025-06-01 03:27:00
BOAT008,29.71994,121.650642,11.31,46.8,2025-06-01 03:39:00
BOAT008,29.826688,121.61878,15.98,36.9,2025-06-01 03:58:00
BOAT008,29.938083,121.623318,16.53,255.1,2025-06-01 04:09:00
BOAT008,29.964845,121.628444,15.32,132.9,2025-06-01 04:26:00
BOAT008,30.008089,121.64046,11.27,161.6,2025-06-01 04:39:00
BOAT008,30.062539,121.679999,21.84,251.0,2025-06-01 04:55:00
BOAT008,30.127568,121.61678,17.53,289.3,2025-06-01 05:11:00
BOAT008,30.197383,121.70016,23.79,262.4,2025-06-01 05:25:00
BOAT008,30.222146,121.649487,13.47,124.1,2025-06-01 05:44:00
BOAT008,30.327371,121.681108,18.76,290.5,2025-06-01 05:55:00
BOAT008,30.378714,121.68633,18.22,51.2,2025-06-01 06:13:00
BOAT008,30.438093,121.715161,15.02,120.8,2025-06-01 06:29:00
BOAT008,30.49182,121.679902,20.12,56.6,2025-06-01 06:42:00
BOAT008,30.542765,121.729582,14.67,252.4,2025-06-01 06:54:00
BOAT008,30.615152,121.7693,14.8,241.6,2025-06-01 07:12:00
BOAT008,30.672853,121.710025,5.47,341.0,2025-06-01 07:28:00
BOAT008,30.713258,121.749557,17.11,112.3,2025-06-01 07:39:00
BOAT008,30.768189,121.740998,11.91,58.7,2025-06-01 07:55:00
BOAT008,30.84102,121.77123,14.23,138.4,2025-06-01 08:12:00
BOAT008,30.929285,121.771569,12.81,281.6,2025-06-01 08:26:00
BOAT008,30.932845,121.766831,14.79,4.1,2025-06-01 08:41:00
BOAT008,30.987599,121.797893,17.22,221.7,2025-06-01 08:55:00
BOAT008,31.079566,121.832697,15.92,157.6,2025-06-01 09:10:00
BOAT008,31.136611,121.801267,18.02,201.2,2025-06-01 09:27:00
BOAT008,31.198382,121.827954,19.68,294.2,2025-06-01 09:43:00
BOAT008,31.259116,121.796168,14.78,192.3,2025-06-01 09:54:00
BOAT008,31.309095,121.81138,14.45,154.7,2025-06-01 10:11:00
BOAT008,31.402679,121.848431,18.76,258.6,2025-06-01 10:28:00
BOAT008,31.400185,121.87714,19.0,42.7,2025-06-01 10:44:00
BOAT008,31.474955,121.863044,18.11,199.0,2025-06-01 10:59:00
BOAT008,31.548782,121.858146,13.03,81.6,2025-06-01 11:12:00
BOAT008,31.577306,121.872867,17.15,311.5,2025-06-01 11:26:00
BOAT008,31.665974,121.856348,16.22,243.8,2025-06-01 11:42:00
BOAT008,31.762043,121.901921,19.04,104.4,2025-06-01 11:57:00
BOAT008,31.788553,121.915952,14.17,242.2,2025-06-01 12:14:00
BOAT008,31.852072,121.897738,10.89,25.5,2025-06-01 12:28:00
BOAT008,31.881576,121.905853,17.96,225.0,2025-06-01 12:44:00
BOAT008,31.953774,121.929046,8.21,306.2,2025-06-01 12:56:00
BOAT008,32.01792,121.923469,13.69,226.1,2025-06-01 13:11:00
BOAT008,32.078391,121.939355,12.82,242.6,2025-06-01 13:27:00
BOAT008,32.169701,121.991147,12.8,67.3,2025-06-01 13:42:00
BOAT008,32.214544,121.952687,13.64,103.5,2025-06-01 13:57:00
BOAT008,32.240483,121.958935,19.54,68.9,2025-06-01 14:11:00
BOAT008,32.326964,121.961625,18.35,223.7,2025-06-01 14:27:00
BOAT008,32.39132,121.997935,15.13,155.0,2025-06-01 14:39:00
BOAT008,32.463481,121.987901,19.29,145.6,2025-06-01 14:57:00
BOAT008,32.531611,121.987013,12.7,89.0,2025-06-01 15:14:00
BOAT009,29.976034,120.995312,16.3,45.9,2025-06-01 02:26:00
BOAT009,30.003113,121.006713,17.44,285.0,2025-06-01 02:44:00
BOAT009,30.025633,121.030965,15.34,183.8,2025-06-01 02:59:00
BOAT009,30.07404,121.04884,18.51,307.8,2025-06-01 03:11:00
BOAT009,30.088579,121.072916,8.9,174.4,2025-06-01 03:28:00
BOAT009,30.112596,121.110597,11.11,27.3,2025-06-01 03:41:00
BOAT009,30.119158,121.120013,15.36,233.2,2025-06-01 03:59:00
BOAT009,30.152108,121.170357,16.57,324.6,2025-06-01 04:10:00
BOAT009,30.16062,121.208849,17.86,24.1,2025-06-01 04:25:00
BOAT009,30.219297,121.189891,15.84,172.5,2025-06-01 04:44:00
BOAT009,30.244586,121.228669,15.81,267.5,2025-06-01 04:54:00
BOAT009,30.209345,121.256262,14.15,196.4,2025-06-01 05:12:00
BOAT009,30.250066,121.278097,20.09,26.7,2025-06-01 05:24:00
BOAT009,30.261114,121.292564,12.01,184.8,2025-06-01 05:40:00
BOAT009,30.300432,121.328286,16.39,156.1,2025-06-01 05:59:00
BOAT009,30.334152,121.345466,12.35,201.3,2025-06-01 06:13:00
BOAT009,30.329216,121.333456,16.92,160.7,2025-06-01 06:28:00
BOAT009,30.36216,121.39798,12.21,126.2,2025-06-01 06:41:00
BOAT009,30.382906,121.420731,17.55,254.4,2025-06-01 06:56:00
BOAT009,30.429518,121.410107,15.65,167.1,2025-06-01 07:12:00
BOAT009,30.449148,121.44852,20.55,16.3,2025-06-01 07:27:00
BOAT009,30.455715,121.483816,14.47,334.5,2025-06-01 07:41:00
BOAT009,30.496074,121.488351,16.59,78.4,2025-06-01 07:59:00
BOAT009,30.503992,121.536385,12.98,303.2,2025-06-01 08:14:00
BOAT009,30.53188,121.584591,14.45,1.9,2025-06-01 08:24:00
BOAT009,30.593171,121.543982,15.63,34.3,2025-06-01 08:42:00
BOAT009,30.608899,121.554469,10.73,209.2,2025-06-01 08:54:00
BOAT009,30.578486,121.610554,11.06,210.1,2025-06-01 09:09:00
BOAT009,30.64346,121.641297,17.12,187.6,2025-06-01 09:28:00
BOAT009,30.665482,121.644636,14.88,289.1,2025-06-01 09:44:00
BOAT009,30.648677,121.700707,13.54,273.1,2025-06-01 09:55:00
BOAT009,30.710405,121.667258,13.11,241.6,2025-06-01 10:11:00
BOAT009,30.747177,121.730276,13.22,267.2,2025-06-01 10:27:00
BOAT009,30.716355,121.726689,15.65,70.2,2025-06-01 10:42:00
BOAT009,30.742844,121.795582,16.65,140.7,2025-06-01 10:57:00
BOAT009,30.803935,121.823432,9.04,327.0,2025-06-01 11:10:00
BOAT009,30.8114,121.790637,19.55,155.9,2025-06-01 11:26:00
BOAT009,30.839388,121.817367,19.34,320.1,2025-06-01 11:40:00
BOAT009,30.857558,121.867938,8.32,195.0,2025-06-01 11:58:00
BOAT009,30.880948,121.865392,18.57,56.3,2025-06-01 12:14:00
BOAT009,30.868993,121.894614,18.48,149.4,2025-06-01 12:25:00
BOAT009,30.938857,121.918418,15.32,97.5,2025-06-01 12:41:00
BOAT009,30.96369,121.901905,11.42,66.7,2025-06-01 12:56:00
BOAT009,30.958099,121.96241,18.36,77.4,2025-06-01 13:13:00
BOAT009,30.984205,121.97128,14.59,312.7,2025-06-01 13:29:00
BOAT009,30.976841,121.9976,16.96,182.5,2025-06-01 13:40:00
BOAT009,31.040136,122.058723,21.97,210.5,2025-06-01 13:54:00
BOAT009,31.06368,122.027109,16.07,137.8,2025-06-01 14:10:00
BOAT009,31.073383,122.090891,12.57,162.3,2025-06-01 14:25:00
BOAT009,31.119502,122.091436,14.31,286.6,2025-06-01 14:44:00
BOAT009,31.112721,122.113808,12.95,249.2,2025-06-01 14:59:00
BOAT009,31.153083,122.157598,16.62,338.1,2025-06-01 15:11:00
BOAT009,31.143786,122.17098,12.9,81.0,2025-06-01 15:29:00
BOAT009,31.186096,122.197979,13.9,97.0,2025-06-01 15:44:00
BOAT009,31.205468,122.228319,11.46,166.7,2025-06-01 15:57:00
BOAT009,31.235849,122.224717,14.92,78.7,2025-06-01 16:14:00
BOAT009,31.246341,122.241487,15.85,296.6,2025-06-01 16:27:00
BOAT009,31.27349,122.254416,7.26,238.3,2025-06-01 16:40:00
BOAT009,31.315028,122.281999,16.1,166.1,2025-06-01 16:57:00
BOAT009,31.31216,122.379877,15.18,283.2,2025-06-01 17:14:00
BOAT009,31.311152,122.368177,13.02,251.6,2025-06-01 17:25:00
BOAT009,31.400663,122.33865,21.4,54.2,2025-06-01 17:42:00
BOAT009,31.415689,122.361611,18.19,167.0,2025-06-01 17:54:00
BOAT009,31.384603,122.420085,12.03,12.1,2025-06-01 18:14:00
BOAT009,31.44663,122.443781,17.83,319.8,2025-06-01 18:28:00
BOAT009,31.445164,122.466202,19.05,226.8,2025-06-01 18:43:00
BOAT009,31.482882,122.472513,15.71,240.1,2025-06-01 18:59:00
BOAT009,31.505884,122.497491,16.4,154.4,2025-06-01 19:14:00
BOAT010,29.506767,122.009095,11.03,300.6,2025-06-01 02:29:00
BOAT010,29.540924,121.982822,12.91,131.7,2025-06-01 02:45:00
BOAT010,29.59712,121.982372,16.79,6.9,2025-06-01 03:00:00
BOAT010,29.624375,121.975335,11.71,188.9,2025-06-01 03:12:00
BOAT010,29.610742,121.957671,16.46,101.8,2025-06-01 03:25:00
BOAT010,29.683674,121.962218,12.86,124.2,2025-06-01 03:42:00
BOAT010,29.732058,121.927932,13.44,119.6,2025-06-01 03:55:00
BOAT010,29.747462,121.942232,16.91,240.4,2025-06-01 04:11:00
BOAT010,29.795792,121.939508,14.29,229.4,2025-06-01 04:27:00
BOAT010,29.848465,121.933233,16.72,220.1,2025-06-01 04:42:00
BOAT010,29.86294,121.926677,15.01,69.2,2025-06-01 04:57:00
BOAT010,29.881699,121.923422,15.79,305.3,2025-06-01 05:13:00
BOAT010,29.931861,121.927397,16.92,318.5,2025-06-01 05:29:00
BOAT010,29.948103,121.928449,14.53,126.1,2025-06-01 05:43:00
BOAT010,29.97993,121.891114,12.59,101.4,2025-06-01 05:55:00
BOAT010,30.00667,121.873196,13.99,164.0,2025-06-01 06:11:00
BOAT010,30.079213,121.86957,19.17,257.8,2025-06-01 06:26:00
BOAT010,30.065823,121.873818,15.93,124.9,2025-06-01 06:40:00
BOAT010,30.147086,121.869674,13.05,356.4,2025-06-01 06:58:00
BOAT010,30.160682,121.854463,16.79,100.1,2025-06-01 07:11:00
BOAT010,30.156945,121.837091,16.99,28.4,2025-06-01 07:30:00
BOAT010,30.226531,121.847042,17.14,305.8,2025-06-01 07:42:00
BOAT010,30.211424,121.852944,12.65,123.6,2025-06-01 07:56:00
BOAT010,30.300181,121.854366,13.54,336.8,2025-06-01 08:10:00
BOAT010,30.339622,121.824468,13.55,334.3,2025-06-01 08:26:00
BOAT010,30.344317,121.820507,14.5,59.4,2025-06-01 08:43:00
BOAT010,30.392882,121.803384,17.2,98.3,2025-06-01 08:58:00
BOAT010,30.463741,121.81444,16.47,161.6,2025-06-01 09:15:00
BOAT010,30.448789,121.791251,16.71,68.2,2025-06-01 09:26:00
BOAT010,30.471973,121.812832,19.64,21.6,2025-06-01 09:45:00
BOAT010,30.557031,121.758803,17.65,270.4,2025-06-01 09:55:00
BOAT010,30.600896,121.780479,15.16,63.8,2025-06-01 10:11:00
BOAT010,30.595964,121.786844,12.03,41.3,2025-06-01 10:29:00
BOAT010,30.650366,121.777649,13.44,20.0,2025-06-01 10:42:00
BOAT010,30.691213,121.820984,14.8,76.5,2025-06-01 10:57:00
BOAT010,30.68378,121.76727,18.07,89.8,2025-06-01 11:14:00
BOAT010,30.723171,121.733344,15.5,308.2,2025-06-01 11:26:00
BOAT010,30.791741,121.744666,13.61,322.4,2025-06-01 11:41:00
BOAT010,30.83507,121.704201,13.38,113.0,2025-06-01 11:58:00
BOAT010,30.846874,121.731265,15.37,158.4,2025-06-01 12:10:00
BOAT010,30.852267,121.709366,18.25,66.5,2025-06-01 12:26:00
BOAT010,30.943851,121.737486,20.36,217.4,2025-06-01 12:41:00
BOAT010,30.927737,121.701338,14.97,299.1,2025-06-01 12:58:00
BOAT010,30.9659,121.703144,15.45,62.4,2025-06-01 13:15:00
BOAT010,31.013696,121.685919,11.94,191.3,2025-06-01 13:29:00
BOAT010,31.072179,121.726558,21.4,245.6,2025-06-01 13:45:00
BOAT010,31.092422,121.678507,11.38,108.0,2025-06-01 13:56:00
BOAT010,31.117886,121.714733,19.1,264.2,2025-06-01 14:13:00
BOAT010,31.153101,121.687516,14.49,59.2,2025-06-01 14:25:00
BOAT010,31.178952,121.674025,13.78,140.4,2025-06-01 14:40:00
BOAT010,31.223492,121.664909,12.25,324.9,2025-06-01 15:00:00
BOAT010,31.195984,121.658561,22.81,263.9,2025-06-01 15:13:00
BOAT010,31.27489,121.605282,16.25,209.3,2025-06-01 15:28:00
BOAT010,31.319895,121.631409,15.65,295.6,2025-06-01 15:44:00
BOAT010,31.326295,121.64704,18.24,188.3,2025-06-01 16:00:00
BOAT010,31.391288,121.62231,13.63,147.9,2025-06-01 16:12:00
BOAT010,31.413719,121.588335,15.59,117.6,2025-06-01 16:26:00
BOAT010,31.487164,121.608541,15.75,29.8,2025-06-01 16:40:00
BOAT010,31.517762,121.636822,14.05,288.4,2025-06-01 16:57:00
BOAT010,31.511232,121.620828,19.18,35.5,2025-06-01 17:14:00
BOAT010,31.551778,121.587801,14.93,167.0,2025-06-01 17:29:00
BOAT010,31.587562,121.601221,10.92,353.0,2025-06-01 17:42:00
BOAT010,31.614254,121.568012,14.68,81.5,2025-06-01 17:59:00
BOAT010,31.661435,121.534416,16.33,214.1,2025-06-01 18:12:00
BOAT010,31.676615,121.543155,12.9,251.9,2025-06-01 18:25:00
BOAT010,31.703415,121.586052,13.14,237.1,2025-06-01 18:42:00
BOAT010,31.772728,121.542465,13.94,80.3,2025-06-01 18:58:00
BOAT010,31.807111,121.536228,19.25,284.2,2025-06-01 19:11:00
BOAT010,31.812681,121.52825,14.12,88.6,2025-06-01 19:29:00
BOAT010,31.880921,121.56548,19.87,354.1,2025-06-01 19:43:00
BOAT010,31.884629,121.553067,13.74,11.4,2025-06-01 19:55:00
BOAT010,31.93657,121.558074,16.56,155.2,2025-06-01 20:11:00
BOAT010,31.98216,121.503668,14.24,18.1,2025-06-01 20:26:00
BOAT010,31.999328,121.505912,17.84,9.8,2025-06-01 20:43:00
BOAT011,30.993008,120.461813,17.52,242.2,2025-06-01 00:26:00
BOAT011,30.985528,120.572662,17.4,62.9,2025-06-01 00:44:00
BOAT011,30.9956,120.594046,13.87,228.0,2025-06-01 00:58:00
BOAT011,30.929784,120.630659,20.16,347.5,2025-06-01 01:11:00
BOAT011,30.962287,120.683401,12.53,290.2,2025-06-01 01:30:00
BOAT011,30.922911,120.73073,14.82,207.7,2025-06-01 01:45:00
BOAT011,30.89995,120.743154,15.34,8.9,2025-06-01 02:00:00
BOAT011,30.875051,120.853973,17.77,25.0,2025-06-01 02:15:00
BOAT011,30.846881,120.871197,19.3,302.3,2025-06-01 02:31:00
BOAT011,30.857344,120.925527,19.11,288.1,2025-06-01 02:46:00
BOAT011,30.817622,120.981994,16.63,146.4,2025-06-01 02:57:00
BOAT011,30.756955,120.988836,15.11,257.3,2025-06-01 03:16:00
BOAT011,30.755434,121.065025,10.48,261.7,2025-06-01 03:29:00
BOAT011,30.755542,121.096499,12.01,324.1,2025-06-01 03:45:00
BOAT011,30.746941,121.165084,21.25,110.8,2025-06-01 03:56:00
BOAT011,30.72109,121.1519,10.45,244.7,2025-06-01 04:15:00
BOAT011,30.728083,121.238759,13.6,209.2,2025-06-01 04:27:00
BOAT011,30.646163,121.274981,19.39,97.9,2025-06-01 04:45:00
BOAT011,30.669538,121.341979,16.58,332.7,2025-06-01 04:58:00
BOAT011,30.611789,121.389031,18.74,228.1,2025-06-01 05:15:00
BOAT011,30.644824,121.411773,17.58,159.3,2025-06-01 05:31:00
BOAT011,30.609222,121.457979,20.36,262.4,2025-06-01 05:46:00
BOAT011,30.600985,121.516305,16.84,239.4,2025-06-01 05:56:00
BOAT011,30.556796,121.546882,17.95,45.9,2025-06-01 06:16:00
BOAT011,30.581145,121.627951,13.78,48.4,2025-06-01 06:31:00
BOAT011,30.557872,121.650023,17.71,332.7,2025-06-01 06:44:00
BOAT011,30.530189,121.645564,14.77,330.6,2025-06-01 07:01:00
BOAT011,30.49741,121.742504,14.6,114.6,2025-06-01 07:12:00
BOAT011,30.493079,121.775525,18.64,144.7,2025-06-01 07:28:00
BOAT011,30.448825,121.809967,18.66,107.6,2025-06-01 07:43:00
BOAT011,30.461556,121.86414,21.02,0.0,2025-06-01 07:58:00
BOAT011,30.458916,121.937373,20.82,128.4,2025-06-01 08:13:00
BOAT011,30.42882,122.008054,18.71,53.4,2025-06-01 08:28:00
BOAT011,30.374297,122.034041,10.79,194.5,2025-06-01 08:46:00
BOAT011,30.377599,122.061944,21.44,344.7,2025-06-01 09:00:00
BOAT011,30.325989,122.129488,18.71,323.6,2025-06-01 09:13:00
BOAT011,30.344781,122.157485,13.66,30.6,2025-06-01 09:30:00
BOAT011,30.323827,122.199071,18.14,138.3,2025-06-01 09:41:00
BOAT011,30.2589,122.236172,12.84,218.6,2025-06-01 09:57:00
BOAT011,30.254542,122.270519,17.81,81.3,2025-06-01 10:14:00
BOAT011,30.253596,122.344053,12.01,113.4,2025-06-01 10:26:00
BOAT011,30.234724,122.401309,13.53,298.7,2025-06-01 10:43:00
BOAT011,30.198033,122.442512,18.08,159.9,2025-06-01 11:01:00
BOAT011,30.211483,122.482421,19.17,31.6,2025-06-01 11:15:00
BOAT011,30.190215,122.518122,16.93,320.9,2025-06-01 11:28:00
BOAT011,30.162781,122.595498,15.1,292.5,2025-06-01 11:43:00
BOAT011,30.133032,122.603287,9.61,171.5,2025-06-01 11:57:00
BOAT011,30.150604,122.691446,15.33,145.0,2025-06-01 12:11:00
BOAT011,30.144219,122.702178,17.56,309.4,2025-06-01 12:30:00
BOAT011,30.082921,122.75347,15.0,250.1,2025-06-01 12:45:00
BOAT011,30.061831,122.785479,15.89,227.7,2025-06-01 12:56:00
BOAT011,30.06538,122.851083,15.4,240.0,2025-06-01 13:13:00
BOAT011,30.029876,122.926914,14.99,249.6,2025-06-01 13:29:00
BOAT011,30.015731,122.964016,16.18,92.4,2025-06-01 13:45:00
BOAT011,30.014793,123.019568,15.14,153.3,2025-06-01 13:59:00
BOAT012,28.983246,121.463079,15.52,119.5,2025-06-01 02:11:00
BOAT012,29.039816,121.527166,20.26,26.2,2025-06-01 02:28:00
BOAT012,29.139534,121.521241,19.82,226.0,2025-06-01 02:41:00
BOAT012,29.188987,121.55413,17.54,303.8,2025-06-01 02:57:00
BOAT012,29.252516,121.537566,19.81,247.4,2025-06-01 03:14:00
BOAT012,29.332748,121.528025,24.15,299.0,2025-06-01 03:30:00
BOAT012,29.352378,121.548546,21.47,176.4,2025-06-01 03:43:00
BOAT012,29.457148,121.577482,15.96,147.5,2025-06-01 03:55:00
BOAT012,29.480845,121.554761,19.05,65.1,2025-06-01 04:15:00
BOAT012,29.595912,121.570141,16.97,70.1,2025-06-01 04:30:00
BOAT012,29.62601,121.583286,18.22,263.1,2025-06-01 04:43:00
BOAT012,29.657034,121.573504,18.14,263.4,2025-06-01 04:58:00
BOAT012,29.696334,121.590137,17.95,299.7,2025-06-01 05:10:00
BOAT012,29.814424,121.617486,15.62,24.5,2025-06-01 05:27:00
BOAT012,29.852166,121.646857,19.0,21.5,2025-06-01 05:45:00
BOAT012,29.917941,121.637922,17.7,320.4,2025-06-01 05:56:00
BOAT012,29.99778,121.639434,10.6,165.5,2025-06-01 06:12:00
BOAT012,30.064068,121.632497,25.54,145.0,2025-06-01 06:30:00
BOAT012,30.129737,121.679798,22.65,358.7,2025-06-01 06:43:00
BOAT012,30.14317,121.675337,18.26,243.2,2025-06-01 06:58:00
BOAT012,30.256588,121.661304,19.44,357.9,2025-06-01 07:13:00
BOAT012,30.277893,121.702183,15.87,262.9,2025-06-01 07:28:00
BOAT012,30.305752,121.704174,24.47,316.7,2025-06-01 07:45:00
BOAT012,30.388712,121.685484,25.08,357.0,2025-06-01 07:59:00
BOAT012,30.478045,121.708499,19.85,127.6,2025-06-01 08:10:00
BOAT012,30.515511,121.709443,22.46,240.9,2025-06-01 08:27:00
BOAT012,30.59473,121.780741,19.91,252.3,2025-06-01 08:42:00
BOAT012,30.66466,121.747477,15.37,337.9,2025-06-01 09:00:00
BOAT012,30.715671,121.749349,18.15,207.2,2025-06-01 09:11:00
BOAT012,30.770815,121.763839,19.78,236.1,2025-06-01 09:25:00
BOAT012,30.817091,121.790741,18.02,205.3,2025-06-01 09:42:00
BOAT012,30.903948,121.770262,18.73,24.9,2025-06-01 09:56:00
BOAT012,30.923613,121.768904,19.11,127.7,2025-06-01 10:12:00
BOAT012,31.012596,121.806359,19.14,15.6,2025-06-01 10:26:00
BOAT012,31.069164,121.794747,19.54,94.0,2025-06-01 10:42:00
BOAT012,31.144335,121.78562,16.2,268.1,2025-06-01 10:55:00
BOAT012,31.20626,121.790496,17.23,286.6,2025-06-01 11:10:00
BOAT012,31.291129,121.855147,15.53,184.7,2025-06-01 11:26:00
BOAT012,31.365003,121.835966,22.32,175.7,2025-06-01 11:44:00
BOAT012,31.372381,121.830314,13.07,94.1,2025-06-01 11:58:00
BOAT012,31.495997,121.84619,22.85,21.9,2025-06-01 12:14:00
BOAT012,31.501958,121.875798,23.54,184.9,2025-06-01 12:28:00
BOAT012,31.582398,121.862553,18.48,114.9,2025-06-01 12:40:00
BOAT012,31.650568,121.848205,11.58,178.6,2025-06-01 12:55:00
BOAT012,31.750646,121.892482,18.3,87.3,2025-06-01 13:10:00
BOAT012,31.752312,121.918904,19.19,8.6,2025-06-01 13:30:00
BOAT012,31.788627,121.926338,16.35,37.7,2025-06-01 13:45:00
BOAT012,31.915773,121.901094,17.84,62.8,2025-06-01 13:57:00
BOAT012,31.930701,121.946436,23.98,21.9,2025-06-01 14:12:00
BOAT012,32.00154,121.934084,21.38,225.2,2025-06-01 14:27:00
BOAT012,32.04782,121.963419,16.61,130.2,2025-06-01 14:40:00
BOAT012,32.124405,121.958842,14.59,91.3,2025-06-01 14:59:00
BOAT012,32.176175,121.925708,18.4,70.7,2025-06-01 15:10:00
BOAT012,32.267915,121.999847,18.74,178.0,2025-06-01 15:29:00
BOAT012,32.317405,121.97472,20.87,207.8,2025-06-01 15:45:00
BOAT012,32.363572,121.993992,17.78,113.8,2025-06-01 15:55:00
BOAT012,32.458514,121.964347,20.92,291.7,2025-06-01 16:14:00
BOAT012,32.5051,122.010107,25.19,220.2,2025-06-01 16:27:00
BOAT013,30.007228,121.004965,21.52,160.5,2025-06-01 01:36:00
BOAT013,30.033904,120.989227,20.54,144.7,2025-06-01 01:46:00
BOAT013,30.039059,121.049246,25.23,210.0,2025-06-01 02:02:00
BOAT013,30.046655,121.053964,17.86,222.9,2025-06-01 02:19:00
BOAT013,30.088411,121.058533,19.21,67.1,2025-06-01 02:34:00
BOAT013,30.112442,121.098353,20.93,78.9,2025-06-01 02:46:00
BOAT013,30.102726,121.119927,25.84,73.5,2025-06-01 03:02:00
BOAT013,30.16804,121.172772,23.26,269.5,2025-06-01 03:16:00
BOAT013,30.193844,121.152637,19.22,137.0,2025-06-01 03:35:00
BOAT013,30.181059,121.179855,21.19,348.2,2025-06-01 03:48:00
BOAT013,30.19694,121.222099,20.28,142.5,2025-06-01 04:05:00
BOAT013,30.233071,121.212615,19.99,153.8,2025-06-01 04:17:00
BOAT013,30.261347,121.247689,25.06,107.9,2025-06-01 04:36:00
BOAT013,30.277325,121.249319,18.01,189.0,2025-06-01 04:47:00
BOAT013,30.303129,121.322748,26.95,222.6,2025-06-01 05:05:00
BOAT013,30.330517,121.32006,24.61,160.8,2025-06-01 05:21:00
BOAT013,30.320461,121.347508,25.4,183.9,2025-06-01 05:32:00
BOAT013,30.344499,121.387885,20.74,19.4,2025-06-01 05:49:00
BOAT013,30.336859,121.376859,21.67,351.8,2025-06-01 06:02:00
BOAT013,30.431894,121.406804,17.82,238.8,2025-06-01 06:20:00
BOAT013,30.435087,121.413656,20.55,49.8,2025-06-01 06:36:00
BOAT013,30.477479,121.435352,23.6,55.1,2025-06-01 06:47:00
BOAT013,30.455506,121.459849,26.01,337.9,2025-06-01 07:03:00
BOAT013,30.500488,121.49015,18.8,252.3,2025-06-01 07:19:00
BOAT013,30.526036,121.514043,21.03,150.6,2025-06-01 07:34:00
BOAT013,30.532243,121.549251,21.67,123.0,2025-06-01 07:48:00
BOAT013,30.534149,121.547393,17.94,185.6,2025-06-01 08:05:00
BOAT013,30.621874,121.593349,23.9,323.1,2025-06-01 08:20:00
BOAT013,30.636681,121.618396,19.95,38.9,2025-06-01 08:36:00
BOAT013,30.622796,121.621078,21.54,293.7,2025-06-01 08:49:00
BOAT013,30.662378,121.636079,20.77,117.3,2025-06-01 09:06:00
BOAT013,30.664217,121.675615,19.76,122.4,2025-06-01 09:18:00
BOAT013,30.675744,121.691594,22.1,306.5,2025-06-01 09:33:00
BOAT013,30.753937,121.721798,21.48,279.6,2025-06-01 09:50:00
BOAT013,30.706023,121.770528,21.01,244.9,2025-06-01 10:03:00
BOAT013,30.755159,121.762242,19.94,59.6,2025-06-01 10:18:00
BOAT013,30.784295,121.769824,23.08,192.7,2025-06-01 10:35:00
BOAT013,30.837373,121.78653,27.08,70.7,2025-06-01 10:48:00
BOAT013,30.844019,121.809043,22.54,186.5,2025-06-01 11:01:00
BOAT013,30.814381,121.818571,25.11,301.2,2025-06-01 11:20:00
BOAT013,30.86951,121.88822,17.95,308.9,2025-06-01 11:36:00
BOAT013,30.891726,121.846639,22.6,156.7,2025-06-01 11:50:00
BOAT013,30.908477,121.922806,18.83,95.4,2025-06-01 12:06:00
BOAT013,30.947179,121.917421,17.69,334.9,2025-06-01 12:17:00
BOAT013,30.92834,121.946274,19.91,33.4,2025-06-01 12:34:00
BOAT013,30.970088,121.960301,25.7,19.0,2025-06-01 12:47:00
BOAT013,31.009576,122.028917,24.97,36.5,2025-06-01 13:02:00
BOAT013,31.035331,122.022065,22.85,109.0,2025-06-01 13:18:00
BOAT013,31.046467,122.059286,17.53,173.6,2025-06-01 13:33:00
BOAT013,31.05945,122.091228,21.54,62.9,2025-06-01 13:49:00
BOAT013,31.084558,122.090225,23.03,136.7,2025-06-01 14:02:00
BOAT013,31.123504,122.084783,22.65,323.4,2025-06-01 14:21:00
BOAT013,31.131113,122.126022,16.59,261.9,2025-06-01 14:32:00
BOAT013,31.131337,122.137329,19.45,43.7,2025-06-01 14:47:00
BOAT013,31.149243,122.163843,21.93,213.0,2025-06-01 15:02:00
BOAT013,31.165859,122.19376,23.73,240.0,2025-06-01 15:20:00
BOAT013,31.246503,122.214708,15.54,216.9,2025-06-01 15:31:00
BOAT013,31.25528,122.247373,21.64,146.8,2025-06-01 15:46:00
BOAT013,31.25874,122.272016,22.55,120.4,2025-06-01 16:02:00
BOAT013,31.273533,122.279926,24.67,262.1,2025-06-01 16:20:00
BOAT013,31.292869,122.312417,24.2,289.9,2025-06-01 16:35:00
BOAT013,31.347952,122.3151,23.87,30.6,2025-06-01 16:49:00
BOAT013,31.385915,122.374122,19.72,182.4,2025-06-01 17:04:00
BOAT013,31.357457,122.358255,16.4,270.0,2025-06-01 17:21:00
BOAT013,31.414073,122.415248,20.94,200.9,2025-06-01 17:36:00
BOAT013,31.413604,122.383522,25.13,25.1,2025-06-01 17:47:00
BOAT013,31.430534,122.427174,26.3,332.2,2025-06-01 18:04:00
BOAT013,31.486606,122.449902,24.26,118.0,2025-06-01 18:16:00
BOAT013,31.478058,122.483841,23.41,301.1,2025-06-01 18:36:00
BOAT013,31.505927,122.517236,23.26,170.9,2025-06-01 18:50:00
BOAT014,29.492271,122.008745,19.52,93.2,2025-06-01 00:35:00
BOAT014,29.561235,121.961134,20.37,41.5,2025-06-01 00:49:00
BOAT014,29.560544,121.964771,14.28,109.2,2025-06-01 01:02:00
BOAT014,29.655656,121.974267,16.6,120.6,2025-06-01 01:21:00
BOAT014,29.690259,121.95437,16.19,125.0,2025-06-01 01:35:00
BOAT014,29.720953,121.990986,18.39,2.2,2025-06-01 01:46:00
BOAT014,29.748558,121.923709,15.5,337.6,2025-06-01 02:02:00
BOAT014,29.773493,121.92147,19.93,58.1,2025-06-01 02:21:00
BOAT014,29.858969,121.936845,17.35,339.3,2025-06-01 02:32:00
BOAT014,29.942904,121.909856,9.48,5.1,2025-06-01 02:46:00
BOAT014,29.933952,121.855956,18.46,162.0,2025-06-01 03:02:00
BOAT014,29.937617,121.943866,20.12,269.5,2025-06-01 03:19:00
BOAT014,30.026392,121.875066,13.68,358.4,2025-06-01 03:35:00
BOAT014,30.07755,121.899149,18.36,344.1,2025-06-01 03:50:00
BOAT014,30.085091,121.854243,22.62,317.7,2025-06-01 04:01:00
BOAT014,30.133641,121.853429,17.47,20.1,2025-06-01 04:20:00
BOAT014,30.174708,121.82961,20.56,307.2,2025-06-01 04:31:00
BOAT014,30.222131,121.838624,15.81,304.2,2025-06-01 04:49:00
BOAT014,30.272419,121.831942,17.08,81.8,2025-06-01 05:05:00
BOAT014,30.301747,121.833556,16.52,37.4,2025-06-01 05:18:00
BOAT014,30.337352,121.820135,15.97,185.5,2025-06-01 05:35:00
BOAT014,30.40866,121.790135,16.69,240.5,2025-06-01 05:46:00
BOAT014,30.444623,121.799867,12.24,133.6,2025-06-01 06:02:00
BOAT014,30.482654,121.830664,16.14,61.4,2025-06-01 06:18:00
BOAT014,30.536147,121.819671,21.15,322.5,2025-06-01 06:31:00
BOAT014,30.547183,121.793596,14.24,86.3,2025-06-01 06:49:00
BOAT014,30.625954,121.789124,13.93,174.3,2025-06-01 07:04:00
BOAT014,30.655479,121.808458,17.32,185.0,2025-06-01 07:20:00
BOAT014,30.711686,121.770046,17.47,123.1,2025-06-01 07:33:00
BOAT014,30.757993,121.762884,18.26,254.0,2025-06-01 07:49:00
BOAT014,30.815726,121.710088,16.79,80.8,2025-06-01 08:05:00
BOAT014,30.838266,121.710506,17.35,85.0,2025-06-01 08:16:00
BOAT014,30.900645,121.723484,16.08,3.3,2025-06-01 08:33:00
BOAT014,30.915976,121.699368,13.3,65.5,2025-06-01 08:51:00
BOAT014,30.960034,121.686937,16.92,160.4,2025-06-01 09:06:00
BOAT014,31.006802,121.680627,19.31,28.7,2025-06-01 09:21:00
BOAT014,31.067207,121.661184,18.68,310.8,2025-06-01 09:34:00
BOAT014,31.107447,121.665207,11.9,204.9,2025-06-01 09:46:00
BOAT014,31.140632,121.679203,17.89,162.0,2025-06-01 10:04:00
BOAT014,31.15648,121.69972,14.45,237.6,2025-06-01 10:21:00
BOAT014,31.236399,121.671112,21.31,33.3,2025-06-01 10:34:00
BOAT014,31.250013,121.659275,18.11,94.5,2025-06-01 10:51:00
BOAT014,31.292027,121.60546,19.82,312.1,2025-06-01 11:01:00
BOAT014,31.330679,121.631696,17.2,44.8,2025-06-01 11:21:00
BOAT014,31.394888,121.61935,16.93,344.9,2025-06-01 11:33:00
BOAT014,31.46389,121.617884,21.62,185.0,2025-06-01 11:50:00
BOAT014,31.463451,121.596235,20.05,322.4,2025-06-01 12:06:00
BOAT014,31.559434,121.628069,17.49,116.3,2025-06-01 12:19:00
BOAT014,31.587162,121.587262,16.53,115.6,2025-06-01 12:34:00
BOAT014,31.582777,121.580591,12.01,62.3,2025-06-01 12:48:00
BOAT014,31.647517,121.529717,18.11,82.9,2025-06-01 13:04:00
BOAT014,31.677471,121.558211,16.75,295.8,2025-06-01 13:19:00
BOAT014,31.754678,121.574709,18.79,127.3,2025-06-01 13:31:00
BOAT014,31.764719,121.554215,19.71,17.2,2025-06-01 13:46:00
BOAT014,31.795164,121.491371,20.83,115.5,2025-06-01 14:02:00
BOAT014,31.864175,121.516869,18.14,2.4,2025-06-01 14:17:00
BOAT014,31.937181,121.551879,13.99,351.0,2025-06-01 14:34:00
BOAT014,31.953046,121.505608,10.68,280.6,2025-06-01 14:47:00
BOAT014,32.007969,121.506448,14.66,230.8,2025-06-01 15:06:00
BOAT015,31.02667,120.484566,13.83,62.0,2025-06-01 02:41:00
BOAT015,30.977818,120.523326,16.27,320.8,2025-06-01 02:51:00
BOAT015,30.96651,120.575437,13.71,299.7,2025-06-01 03:08:00
BOAT015,30.94867,120.601576,16.63,123.0,2025-06-01 03:26:00
BOAT015,30.924263,120.654412,13.69,249.0,2025-06-01 03:37:00
BOAT015,30.949622,120.647277,9.35,168.1,2025-06-01 03:56:00
BOAT015,30.963714,120.698386,8.82,354.8,2025-06-01 04:06:00
BOAT015,30.899022,120.751109,8.17,87.7,2025-06-01 04:22:00
BOAT015,30.879723,120.773891,14.81,99.0,2025-06-01 04:39:00
BOAT015,30.865094,120.808512,16.39,281.1,2025-06-01 04:51:00
BOAT015,30.853072,120.855494,18.37,294.2,2025-06-01 05:10:00
BOAT015,30.886329,120.858542,15.35,227.0,2025-06-01 05:24:00
BOAT015,30.82563,120.887663,16.31,157.6,2025-06-01 05:41:00
BOAT015,30.814961,120.944851,11.08,206.4,2025-06-01 05:53:00
BOAT015,30.788526,120.963678,9.35,337.0,2025-06-01 06:07:00
BOAT015,30.805873,121.022444,15.37,338.6,2025-06-01 06:22:00
BOAT015,30.785322,121.040729,14.08,314.9,2025-06-01 06:40:00
BOAT015,30.75059,121.0542,13.15,224.7,2025-06-01 06:51:00
BOAT015,30.742143,121.106768,13.99,24.2,2025-06-01 07:09:00
BOAT015,30.777325,121.115279,13.79,97.7,2025-06-01 07:21:00
BOAT015,30.733987,121.185605,16.67,227.9,2025-06-01 07:40:00
BOAT015,30.722034,121.172057,16.71,125.8,2025-06-01 07:56:00
BOAT015,30.70878,121.257775,14.46,259.0,2025-06-01 08:11:00
BOAT015,30.721226,121.273084,15.36,245.0,2025-06-01 08:25:00
BOAT015,30.659096,121.296709,14.37,225.6,2025-06-01 08:39:00
BOAT015,30.658739,121.3486,11.44,34.4,2025-06-01 08:51:00
BOAT015,30.649954,121.376893,15.09,234.8,2025-06-01 09:08:00
BOAT015,30.605576,121.426608,8.64,312.7,2025-06-01 09:23:00
BOAT015,30.608344,121.459755,15.99,38.7,2025-06-01 09:37:00
BOAT015,30.634267,121.473712,9.24,208.7,2025-06-01 09:55:00
BOAT015,30.615204,121.482565,13.68,97.1,2025-06-01 10:07:00
BOAT015,30.605408,121.522503,10.29,2.5,2025-06-01 10:22:00
BOAT015,30.561552,121.565234,14.48,76.1,2025-06-01 10:36:00
BOAT015,30.550686,121.621634,12.72,148.9,2025-06-01 10:54:00
BOAT015,30.510905,121.624206,8.04,347.6,2025-06-01 11:06:00
BOAT015,30.551972,121.659208,14.09,30.2,2025-06-01 11:25:00
BOAT015,30.541933,121.736967,11.09,286.2,2025-06-01 11:37:00
BOAT015,30.528345,121.731247,15.47,355.9,2025-06-01 11:56:00
BOAT015,30.525415,121.753972,12.83,347.2,2025-06-01 12:10:00
BOAT015,30.488442,121.815533,14.01,107.8,2025-06-01 12:21:00
BOAT015,30.497804,121.832211,9.95,76.8,2025-06-01 12:41:00
BOAT015,30.449324,121.838875,11.06,293.7,2025-06-01 12:55:00
BOAT015,30.40466,121.920818,11.45,93.8,2025-06-01 13:06:00
BOAT015,30.443881,121.918393,15.39,123.2,2025-06-01 13:21:00
BOAT015,30.377256,121.967538,17.86,150.8,2025-06-01 13:41:00
BOAT015,30.403404,121.998637,10.41,149.8,2025-06-01 13:54:00
BOAT015,30.405773,122.037935,16.05,326.2,2025-06-01 14:10:00
BOAT015,30.379819,122.022845,6.31,295.5,2025-06-01 14:23:00
BOAT015,30.405565,122.093298,9.24,6.7,2025-06-01 14:36:00
BOAT015,30.307348,122.15583,9.95,20.4,2025-06-01 14:56:00
BOAT015,30.331676,122.191976,8.77,283.1,2025-06-01 15:09:00
BOAT015,30.320349,122.180174,8.07,110.1,2025-06-01 15:22:00
BOAT015,30.279785,122.251745,14.06,160.5,2025-06-01 15:40:00
BOAT015,30.270259,122.251438,12.18,220.0,2025-06-01 15:54:00
BOAT015,30.263097,122.292509,13.96,129.9,2025-06-01 16:08:00
BOAT015,30.244674,122.326894,14.89,229.4,2025-06-01 16:22:00
BOAT015,30.251173,122.368843,13.62,209.6,2025-06-01 16:41:00
BOAT015,30.227941,122.420027,14.8,358.6,2025-06-01 16:53:00
BOAT015,30.233025,122.438625,12.61,228.6,2025-06-01 17:07:00
BOAT015,30.226322,122.464144,9.26,124.1,2025-06-01 17:25:00
BOAT015,30.211636,122.519346,16.0,214.3,2025-06-01 17:39:00
BOAT015,30.178464,122.51728,11.06,292.9,2025-06-01 17:52:00
BOAT015,30.179023,122.565122,10.02,217.5,2025-06-01 18:09:00
BOAT015,30.180703,122.619916,12.29,150.3,2025-06-01 18:22:00
BOAT015,30.155578,122.643919,10.09,225.6,2025-06-01 18:40:00
BOAT015,30.170513,122.657341,11.57,6.0,2025-06-01 18:54:00
BOAT015,30.139644,122.669741,13.86,99.8,2025-06-01 19:11:00
BOAT015,30.141035,122.73955,13.87,76.1,2025-06-01 19:26:00
BOAT015,30.043486,122.735093,10.13,115.2,2025-06-01 19:40:00
BOAT015,30.081934,122.79575,11.36,58.5,2025-06-01 19:52:00
BOAT015,30.060188,122.856912,16.05,69.2,2025-06-01 20:06:00
BOAT015,30.050834,122.878602,14.31,239.2,2025-06-01 20:21:00
BOAT015,30.023901,122.859527,19.05,274.5,2025-06-01 20:38:00
BOAT015,30.034591,122.937342,16.36,3.1,2025-06-01 20:53:00
BOAT015,29.977166,122.960283,16.26,156.7,2025-06-01 21:07:00
BOAT015,30.008069,122.974526,8.66,186.5,2025-06-01 21:23:00
